content_cleaned,label
aplikasinya ribet masa mengatur email error terus tulisannya diperbaiki dong bug nya,0.0
ok,1.0
apk ribet gjls tll,0.0
sangat bermempaat,0.0
pengalaman ber blanja di onlaensangat membantu konsumen dan harga banyak yg terjangkau kaum standar,1.0
mantap,1.0
buruk,0.0
shopee bikin kecewa pesan dari jaman kapan kaga dateng dan kurir y pada songong ap lagi atas nama bang bang itu kurir kurang ajar ngomong y ga sopan,0.0
gacor dah pokoknya,1.0
akunnya ke logout sendiri woyy balikin,1.0
menyenangkan,1.0
sangat tidak manusiawi buat di jadiin lapak seller yg kecil biaya layanan administrasi biaya pesanan cuma jual barang harga rb aja cuma bisa keterima rb parah bangett,0.0
bagus banget recomended,1.0
oke sangat memudahkan dalam belanja,1.0
aplikasi jasa jual yang sangat bagus amanah dan terpercaya,1.0
aplikasinya makin gajelas promo blm digunakan sama sekali tdk bisa  dikira kita download aplikasi ini buat mempermudah malah mempersulituninstall aja ni aplikasi,0.0
shopee mantap,1.0
sangat cocok untuk aplikasi shopi,1.0
bagus,1.0
lancar aman,1.0
tidak ada solusi paket yg dikembalikan secara sepihak tampa sepengetahuan saya,0.0
keren,1.0
pilihan belanja yg baik dan simple,1.0
saya memilih shopee karena sangat terjamin,1.0
bagus sekali,1.0
saran lebih baik untuk expedisi jne yes di hilangkan karena terlalu banyak masalah lewat estimasi dan merugikan konsumen akhirnya,1.0
useable,1.0
alifa,1.0
dulu aplikasi ini sangat saya favoritkan seiring waktu sering update yg tidak jelas apa yg di update akhirnya aplikasinya semakin berat dan lemot menguras batre terakhir menjadi aplikasi yg yg saya benci,0.0
nih aplikasi napa sih anj ada iklan mulu di manapun mau di web apa ada mulu udah gitu tanda x nya boong setan,1.0
bagus tp tolong iklanny muncul dimna² gjls bgtt segituny mau ngepromoin lgi nnton film ga ada pencet apa apa iklanny muncul tolonglah,1.0
saldo pay ku berkurang alias ga ada riwayatnya juga ga ada sartu lagi itu alamat pengiriman udah ku ganti malah balik lagi pa maksutnya,0.0
sangat puas,1.0
belanja disini bikin males males berhenti scroll buat liat barang yang lain  banyak discount dan promonya harga relatif lebih murah pengiriman lancar kang kurir nya juga baik semoga shopee tetap jadi yang terbaik,1.0
barang nya oksudah saya gunakan,1.0
wah parah sih manipulasi data keuangannya kelihatan banget merugikan banyak mitranya mulai dari seller sampai affiliator terdampak parahkebijakannya berbau korupsi,0.0
pengiriman nya lambat sangat lambat paket saya sering hilang datang paket tidak sesuai tanggal l,0.0
sudah sangat lengkap dan mudah berbelanja disini opsi pengiriman instan juga mantap bagus banget,1.0
cepat proses nya,1.0
sangat membantu belanja di shopee,1.0
besttt pokoknya aplikasi shopee selalu puas belanja di shopee mantapp thx shopee,1.0
parah shopee sekarang karang inibarang yang saya pesan udah di gudang wilayahciracas jakarta timurdan status akhir dalam pengantaran kurir ke alamat tujuan sampai dua kalidan balik ke gudang lagisaya nunggu sampai dua hari di rumahdan hasilnya kecewa beratchat ke castomer servis juga percuma hasilnyamau ngambil ke gudang kaga bisa ke ambilmendigan bubar aja shopee kalau begini,0.0
bisa gak sih iklan nya jangan shope terus di aplikasi lain itu pun gak ada kepencet tiba tiba masuk ke aplikasi shope jadi risih jadinya,0.0
aplikasi nya keren banget serba murah,0.0
google bgt,1.0
error,0.0
cukup baik,1.0
berharap spaylater sm spinjam bisa di aktifkan kembali,1.0
udah puluhan tahun menggunakan shopeepembayaranpengembalian semuanya amanbarang tidak sesuai tinggal kembalikan danadan shopee selalu membantu prosesnya ratusan barang udah dibeli sesuai kebutuhan,1.0
pakai aplikasi ini semuanya terjangkau banyak diskonvoucher harga bisa berkurang jika anda mengumpulkan koin dan pakai koin tsb best deh pokoknya,1.0
knp dah setiap mau bayar pake voucher lama bgt loadingnya padahal jaringan bagus jg,0.0
bagusssssssss,1.0
sebenarnya sih sudah bagus tapi kekurangan nya gabisa cod min alasannya alamat anda tidak mendukung cod,1.0
suka sekali belanja disinii,1.0
update yg baru bkin rese nunggu view product nya,0.0
paket gw lama kali datang nya ajg,0.0
shopy terpercaya amanah mantap,1.0
ini sih gila banget hub dan pengiriman di shopee super lama dibandingkan aplikasi lain makin ke sini paket sering ditahan padahal lokasi sudah dekat saya member platinum hampir tiap hari order di shopee dan berdasarkan pemantauan saya ternyata pengiriman paket selalu dipaskan  digabung dengan paket paling terakhir saya gila kalian tau gini saya order x aja di shopee biar pengirimannya gak ditunda kah itu maunya manajemen aneh mau efisiensi tapi merugikan pembeli,0.0
aneh beli tertulis haraga  ribu  trus di bawah total jd  ribu  eh pas sub total jd  ribu  semua itu di total dr mana kan tertulis harga  kok bisa ada tambahan lain  pdahal harus nya harga segitu  kalau di potong voucher  jd berkurang bnyk lho ada voucher  ribu dr toko  ada voucher dr diskon  ribu harus nya jd di bawah  ini malah jdi hampir   males di shopee skrng  bingung ngitung nya,0.0
shopy semakin kesini makin gak jelas barang sya sudah mau diantar ada aja kendalanya dan akhirnya dikirim lgi kembali ke toko,1.0
resah ini aplikasimengganggu dmna mana ada iklan,0.0
sangat membantu dan saya puas,1.0
sangat membantu saya dapet spaylater mantab,1.0
makin jelek shopee dari segi pelayanan jgn ditanya jelek bgt trs sekarang kenapa halaman notif diubah si dah bgs dipisah kanan kiri kiri untuk pembeli kanan untuk toko eh sekarang dicampur mana ga bisa dihapus lagi notif nya jadi bertumpuk,0.0
aplikasi ribet,0.0
shopee mantap pengiriman cepat,1.0
aplikasi belanja nomor  di indonesia krn kemudahan transaksinya tdk perlu belanja  ribu agar free ongkir didukung pembiayaan paylater yg bagus tdk mengenakan bunga jika dibayar bulan depannya beda sekali dgn gopay later  setelah update besar kemarin ada perubahan di status transaksi dan masih ada bug nya transaksi yg sdh lama selesai selalu muncul notifikasi akan dikirim hari ini terus,1.0
aplikasi terburuk paket gak dateng dateng ujung ujungnya tanpa pemberitahuan diretur udah  kali kejadian mending gak usah pakai shopee kalo gak niat kirim gak usah nawarin jasa kirim kalo ujung ujungnya bikin kecewa,0.0
mantap,1.0
bagusss bangeeet,1.0
kurirnya yang kerja di spx sokobanah hub tidak ada konfirmasidan paket di retur tanpa adanya konfirmasi terlebih dahulu,0.0
iklan mengganggu dipaksa buka aplikasi iklannya juga lama tidka bisa diskip,0.0
lebih baik dari sebelah,1.0
good,1.0
main shopee koin udh dpt nya kecil dpt susah juga mending di hapus aja,0.0
so good,1.0
keren,1.0
good,1.0
saya senang berbelanja di shopeeharga terjangkau dan cepat pengiriman nya,1.0
best,1.0
banyak yang tak sesuai,0.0
makin kedepan shopeemakin super lelet pengantarannyaharus nunngu seminggu baru sampai paket nyabikin kecewa pelanggan kalo terus seperti ini,0.0
mudan dan enak belanja,1.0
mantap,1.0
biaya pelayanan terlalu besar,0.0
ragam barang termasuk it dan inovasi yang lengkap dengan harga mix yang seperti diobral dalam mempertahankan user dan penjual cerdas,1.0
kenapa di bulan ini pesanan saya banyak yang stuck bahkan sampe telat melebihi estimasi yg di tentukan buah mangga ku sampe busukbiasanya  hari sampe ke lampung tapi bulan ini paketku udah  hari gk jalan mogok di bandar lampungini yg salah pihak shope apa kurirnya ya kadang suka kesel udah aku laporin ke cs shopee tetep gk berpengaruh tapi sepertinya ini yg lelet cuma ke arah lampung aja kayaknya plis ya di perhatikan lagi,1.0
tidak bisa login dengan nomor handphone mohon bantuannya,1.0
bagus,1.0
shoope dapat memudahkan kita dalam berbelanja onlinedan dapat diskon setiap hari nya pokoknya shoope mantapp,1.0
belanja di shopee banyak pilihan dan harga menarik,1.0
sangat membantu dlm belanja online,1.0
entah kenapa sekarang pengirimannya terasa lebih lambat seperti memang di sengaja apalagi pada barang yg sudah di bayar dahulu pengirimannya lebih lama dari pada barang yang cod seperti barang yg di tunda di kirim ke daerah selajutnya terutama di daerah indragiri hilir kateman barang bisa nyangkut di situ berharihari bahkan sampai lewat estimasi baru di kirim ntah kenapa ngerasa shopee ga kaya dulu yg pengiriman selalu cepat dan tepat waktu sekarang terasa lambat mohon utk diperbaiki lg,0.0
sekarang shope pengiriman lambat banget,0.0
dx ni,1.0
kenapa gak bisa cod,0.0
pelayanan cepat kurir sangat ramah,1.0
alhamdulilah dengan adanya shopee memberikan kami kemudahan dalam membeli barang yang kadang ada tapi sulit untuk kami temukan jadi shopee sangatsangat membantu bagi kami ibu rumah tangga dan sekali gus sebagae umkm dalam mencari keperluankeperluan produk kami terima kasiiih shopee semoga semakin banyak cara atao ide dari shopee untuk meringankan kami yang sebagae konsumen,1.0
pantesan sekarang retingnya turun soalnya pengiriman paketnya jadi lama nga kek dulu lagi dulu pling lama nyampe lampung  udh d trima paketnya nga kek sekarang  minggu baru nyampe pantesan aj kalah cpet sama toko sblh tolong lah seperti dulu lagi,1.0
sebagai penjual sedih banget kalo paket asal diretur tanpa alasan  padahal pembeli belum nerima paketnya sama sekali  padahal ternyata paketnya hilang kecewa bgt mana proses nya lama,0.0
puas banget,1.0
menarik apa bila dari layanan penjualan market shopee pey sebagai konsumen terbesar toko layanan terbaik di seluruh indonesia aset jual beli produk penjualan online terbaik bagi masyarakat saat ini,1.0
sangat membantu,1.0
karna gw lagi ada rezeki trus pengen beli keperluan sekolah jadi gw download dulu ni apk untuk sementara edit nih udah gw tambahin,1.0
mantap lee,1.0
ini kenapa ya setiap saya mau mengajukan pinjaman di shopee slalu di tolak padahal saya ga ada pinjam apa² bayar juga slalu jauh sebelum tempo udah  kali di tolak tolong dong min di benerin lagi masak nunggu bulan depan lagi,1.0
belanja jadi mudah nyari barang ga harus keliling,1.0
seeee c xcvgggffffftt,0.0
masyallah bagus dan praktis untuk membeli kebutuhan barang pribadi,1.0
soppy the best,1.0
barang sesuai dengan foto sekarang belanja di shoope barang nya bagus,1.0
aku sukaaaa,1.0
riki hanum,1.0
terimakasih gugel play atas aplikasih dan game yang kau berikan ke pada semuanya terima kasih,1.0
belanja hemat dengan potongan diskon,1.0
bgusssss mantappp,1.0
ok,1.0
jan ang spam iklan tu,0.0
baru pertama pakai shopee,1.0
pkek bgt,1.0
puas pakai shopee,1.0
mantap banyak gratisan,1.0
sangat bermanfaat,1.0
bgus banget apk shopee ak beli di tiktok sama di shopee murahan shopee jd bgus banget lahh,1.0
cuma sekarang agak lambat pengiriman nya ya,1.0
aplikasinya bgus,1.0
luar biasa,1.0
saya sarankan jangan terima toko gak jelas contohnya seperti yang saya alami masa pesanan saya estimasi nya lama sekitar  bulan gila saya pesan barang tgl  mei eh pihak penjual membuat estimasi datang    juni gokil tolong pihak shopee tolong bantu saya ini no pesanan saya jwnrkngx,0.0
terimakasih,1.0
is hot video,1.0
ini aplikasi sangat bagus baru nge download belanjaan lang sung ada yang geratis,1.0
good,1.0
,1.0
shopee merupakan online shop yg sangat berkualitas tokonya pada amanah pelayan shopeenya sangat memuaskan serta tidak bikin ribet jika adh barang yg diretur proses muda ongkos di tanggung shopee,1.0
shopee amanah,1.0
jika terlalu banyak pesanan fitur cod hilang,0.0
sangat bagus,1.0
ok,1.0
shopee is the best sukses selalu,1.0
good,1.0
ongkir mahal bgt,0.0
sippp mantap,1.0
terima kasih shopee telah memudahkan saya berbelanja barang di online murah meriah tapi saat cod di ongir itu terlalu mahal bahkan bisa  lipat dari harga barang yg dibeli knp saya kasih bintang  karna biasanya bintang dibawah tidak dibaca,1.0
wayu,1.0
kenapa fitur blokir pengguna dihilangkan laporkan pengguna bolakbalik nggak ada tindakan sama sekali,0.0
buat login ke akun sendiri susah,0.0
kok ga bisa cod lg di hp lain,0.0
apa lah paylater ga bisa di pake padahal kmrn aman tau notif tgl skian trus udh smpe  bulan ga kena,0.0
good job,1.0
sekarang datang nya lama nyampe hri gak kaya dulu hri udh sampe,0.0
najis bet ada limit cod nya padahal selalu ku bayar tapi limit ngapain coba pake limit cod semenjak akun ku ga bisa cod aku ga pernah belanja di shopee lagi terusin aja gitu biar ga banyak yang pakai shopee lagi,0.0
bagus sekali sqngqt puqs,0.0
bagus,1.0
ok lah pokoknya,1.0
sesuai harapan,1.0
ka gimana si ini shope makin kesini makin kesana saya hapus aplikasi ini shope terus saya download lagi gatau saya lg bleng malah saya bikin akun baru lagi nah saya cari cari baru ketemu tuh akun lama saya pas saya mau pesan via cod kenapa harus vertikasi terlebih dulu sama foto wajah dan ktp ribet amat padahal saya mau belanja loh shopee itu makin aneh saya mah dulu shpylater saya gara gara ga inget nomor sampe skrng daftar lagi gabisa padahal saya masih bagus pembayaran lancar tiap bulan,0.0
baik,1.0
sangat bagus barang barang nyasemoga selalu seperti itu,1.0
bintang  aja soalnya jarang di pake bagus si bagus,1.0
buruk,0.0
ok bgt,1.0
aplikasi yang sangat membantu,1.0
sangat baik dn amanpastinya lengkap,1.0
bonus koin saya tidak dapat padahal saya sudah memvideokan barang dengan ketentuan yang ada,0.0
ok,1.0
nice app nich sangat membantu saya,1.0
sangat membantu saya dalam belanja online,1.0
iklan kau meganggu kali,0.0
saya sangat percaya belanja d shopee karena dia bertanggung jawab terhadap konsumen terimakasih sudah membantu dan amanah nyah sukses selalu dan jaya terus semoga panjang umur dan berkah selalu,1.0
cm mau bilangtolong lebih teliti dengan orang yg masang iklankarna masih banyak yg bermain,1.0
oy shope iklan nya kurangin apa ganggu aja lagh enakbaca wp gk sentuh gk apa tibamasuk aja ama apk ini kurangi lah plisss lah iklan blm ilang bikin kesel aja tau gk lamauninstal nih,0.0
bagus,1.0
berguna sekali,1.0
iklan apknya maksa masuk mulu,0.0
aplikasinya ngebug woi,0.0
semoga jaya slalu,1.0
mantap,1.0
sangat baik dan cepat,1.0
aplikasi bobrok,0.0
barangnya bagus bagus dan oriterbaik,1.0
bagi saya sejauh ini shopee udah bagus dan baik bgtsaran aja buat shopee kalau bisa app shopeepay nya di gabung aja gak usah di pisahin app kan pungsinya sama aja ke shopee  juga jadi di hp nya gak kebanyakan apk cukup shopee sama seabank aja trimakasih,1.0
membantu,1.0
shopee pay later saya ga bisa lagi di pakai semenjak pernah telat bayar padahal selalu di bayar biarpun suka telat karena gajian tanggal,0.0
menyakitkan difitnah kurir bilang barang ditolak ditolak apanya ditungguin dari pagi sampe malam liat status bilangnya ditolak pembeli yang bener cari pegawai kurir atau management nya aja yang bobrok,0.0
saya senang blnja dishopee,1.0
berfungsi baik,1.0
suka nonton live shopee karena banyak dapat bonus selain koin penjualan bnyk discon,1.0
cepet dan nggak ribet,1.0
senapan angin  bukan barang ilegal dan bebas digunakan di indonesia kenapa shopie melarang pejualan senapan angin,0.0
pokonya luar biasa bermanfaat,1.0
oksenang belanja di shopee,1.0
dapat kemudaan dalam belanja juga dapat voucher dan gratis ongkir semoga kedepannya shopee tambah sukses dan maju juga makin banyak pelanggannya,1.0
bgus bgt cocok banget,1.0
shopee kurang in dong iklanmu diaplikasi lain ganggu banget sumpah ga di klik juga malah kebuka,0.0
membantu penjual kecil,1.0
sangat bermanfaat,1.0
sistem yang buruk untuk shopee food sy pesan makanan dgn waktu pesanan di terima pukul  dengan jasa kirim prioritas tentunya pukul  sy cek status pesanan bertulisan resto masih menyiapkan pesanan sekitar  sy lihat kembali status pesanan dibatalkan dgn laporan driver yang membatalkan sy benar benar kecewa atas pelayanan dengan sistem seperti ini harusnya kalian punya sisten yg lebih manusiawi utk case seperti ini tidak ada kompensasi kerugian apapaun dr shopee keterlaluan,0.0
sangat bagus,1.0
kalo bikin iklan tu tombol skip nya yang bener anjg masa di pencet mlah masuk aplikasi ny sok asik anjir ngeganggu bet mana benci bngt kemaren gw mesen paket di aplikasi brp pas datang brapa tolol emng,0.0
kenapa dah iklan apk ni muncul tiba mau kerja tugas muncul iklan ini mulu pusing cok lain kali iklanya dikurangi ya itu sj terimakasih,1.0
bisa di percaya,1.0
terbaik,1.0
nihh guee kasih bintang satu supaya bisa jadi aplikasi belanja nomor  di masa depan,0.0
sangat bagus,1.0
oke bergabung facebook,1.0
mamtap aj sih,1.0
mntap,1.0
saya tidak bisa menghapus akun data saya adalah hak saya,0.0
sangat suka banget sma shoppe paling bisa di percaya,1.0
aplikasi bagus,1.0
sangat puas dengan layanan shopee,1.0
potongan untuk seller semakin gila shoppe pengen diboikotkah,0.0
tolong untuk shopeenama kurir saat pengiriman di cantumkanjadi bsa komplain ke bagian kurirnya langsung tau nama kurir yg bermasalahjgn menjadikan pelanggan susah untuk klaim pada kurir,1.0
gak oernah belanja kemana mana lagi hanya di shopee sekarangtinggal tap tap uda dtg dehterimakasih shopee,1.0
pop up iklan terlalu banyak,0.0
wow,1.0
shoppe sekarang mengecewakan,0.0
diskon sedikit,1.0
mungkin thn ini sudah beralih ke shopee dari bbrp market place lian yg sudah saya pakai sebelumnya bertahun² semoga semakin shopee kedepannya spaylaternya jg mungkin vs diperbaiki,1.0
belanja online paling lengkap dan murah,1.0
dikirim sesuai pesanan,1.0
mantap bisa belanja dg free ongkir,1.0
bagus mempermudah belanja kita,1.0
mantap jiwa,1.0
aplikasi shopee tidak bisa akses hanya ada tulisan shopee dan tidak bisa masuk ke aplikasinya mohon segera diperbaiki,0.0
sangat bermanfaat,1.0
sangaat membantu,1.0
sejauh ini shopi makin baik mudah di gunakan dan lancar lancar sajasangat membantu buat yg male keluar rumah tinggal pesan barang datang,1.0
kali beli barang lwat apps ini lebih dari  bulan ternyata uang ilang barang tak kujung dtang dan ikelan di apps lain bikin kesel ndak bisa disekip dan tanpa durasi,0.0
barang yg saya pesan sesuai yg saya terima,1.0
selama ada shopee yang super top makin gampang dan cepat aku berbelanja semoga shopee makin maju dan selalu banyak diskon dan potongan harga nya semangat shopee,1.0
bagus,1.0
sangat puas,1.0
pengalaman sy banyak,1.0
ok,1.0
aplikasi delay mulu mencet keranjang dan lain lain nge frame dulu sedangkan nge scoll down task bar hp lamcar aja lancar berarti bukan hp nya dong,1.0
bagus,1.0
nice,1.0
baik,1.0
baguss,1.0
bagus,1.0
sangat baikkk,1.0
hmmmgimana ya biar kritik ini bener bener di baca dan di terapkanshopee fooddi lapak nya tertera jarak kmsetelah mau di cek outjarak nya jadi  km  gila  berat banget kayak nya jadi jujur buat hal kecil ajadi sudut manadi hal apa hidup ini untuk bisa nemu secuil saja kejujuran,0.0
pelayanan buruk,0.0
bagus bngtt aplikasi ya murahgratis ongkir seru bngt belanja disini,1.0
aplikasi bagus sangat membantu  dan bnyak gratis ongkirnya,1.0
memuaskan,1.0
ga bagus update lokasi lama nyusahin,0.0
tidak layak,0.0
sangat baik tpi masih ada barang yg ga sesuai pesan tolong di perbaiki lagi,1.0
lanjutkan mantap,1.0
ketika keadaan darurat sangat berguna terimakasih spaylater,1.0
keren,1.0
karena membuka shoppe sangat lemot lebih dari  menit jadi saya tidak bisa kasih bintang fuul,1.0
buat fitur untuk blokir akunakun php hoby ngefixs barang saat live tapi gak mampu beli alias payment supaya seller dijauhkan dari manusiamanusia tdk bertanggungjawab,1.0
bagusterpercaya,1.0
cuma minta bnyakin lagi discont nya minmakasih,1.0
alfatihah,1.0
apk sangat baik dan aman terpercaya,1.0
sesuk harapan,1.0
tdk beres pengiriman barang pesanantidak jelas bertele tele,0.0
untuk pihak shoope mohon di filter lagi yang aman untuk kreator akun saya ternonaktifkannya barang dan jasa yang dilarang itupun postingan saya yang kurang lebih  bulan   kalau memang jasa yang dilarang kenapa affiliator yg kena imbasnya tokonya aman aman saja  bulan berkreasi di affiliator tumbang karena hal tersebut,0.0
sangat membantu dalam bisnis saya belanja cepat mudah dan terpercaya,1.0
belanja mudah dan praktis,1.0
membantu meningkatkan pendapatan konsumen,1.0
keren,1.0
udah berapa kali paket di bikin muter muter aja  di tambah pengiriman nya lebih dari estimasi,0.0
tepat waktu kurir sopan,1.0
sopi memang terbaik,1.0
aplikasi sampah lupa kata sandi ingin ubah dengan verifikasi lewat email malah di alihkan ke nomor yg sudah tidak aktif,0.0
sejak gabung dengan spx performance nya jadi burukk dalam segi pengantaran barang,0.0
sangat menyesal pengajuan return uang gk kmbli gk adil shope,0.0
ok,1.0
jadi mudah untuk berbelanja,1.0
udah bagus menunggu loadingnya gak pakek lama  teimakasih,1.0
alhamdulillah amanah,1.0
shopefood dobel order triple order kasian driver,0.0
sukses selalu,1.0
shopee emang yg terbaik tp kok knp loading nya lelet bnget y,1.0
kurir jelek,0.0
saya suka,1.0
buat shopee tolong di perketat tentang akun shopee yang coba mau masuk tanpa izin,1.0
bagus gara² sda sopi jadi gaperlu keluar rumah,1.0
shopee the best lah,1.0
sangat membantu,1.0
ok,1.0
bantu iya,1.0
aplikasi shopee nya sangat membantu sekali disaat mencari barang selalu ada dan lengkap terima kasih shopee sudah membantu sesuai kebutuhan yg diperlukan semoga aplikasi ini tambah pengguna sekian dan terima kasih,1.0
ok,1.0
digunakan hemat shope sdh oi,1.0
sangat kecewa dengan shopee akun saya gak bisa di hapus,0.0
shopee sekarang susah buat oengembalian barang udah jelas jelas ga sesuai eh malah di batalkan terus balikin lagi fitur kaya dl biar langsung bisa,0.0
barang sesuai dengan tgl kedatangan nyaaman sampai tujuan josss,1.0
aplikasi ini sangat cepat pengiriman nya,1.0
sukakik,1.0
mantap aplikasi idamanku beda dengan apk sebelah udah mahal return barang ribet dan mulai bisa belanja pakai qris barangnya pun sangat bagus dan terbaik top lah,1.0
keren,1.0
shopee dapat memenuhi pilihan saya,1.0
iklannya di mnashopee ganggu bnget,0.0
banyak yang bilang apk ini bagus ya saya ngikut aja dulu,1.0
shopee lite dong aplikasi shopee tokopedia blibli lazada whatsapp makan memori lah,0.0
kenapa yah kalo iklan di aplikasi lain terus udah di pencet tanda silang tetep masuk ke shopee terus di apk shopee nya ngelag patah patah kayanya server nya bobrok nih shopee,0.0
parah blanja di shoppee sekarang blanja  barang datang telat semua  hari masih kurang  lelet kalian spx lemah,0.0
the best,1.0
recommend belanja online,1.0
aplikasi yang super lengkap  banyak promo nyamantappterimakasih,1.0
praktis,1.0
keren,1.0
sangat cocok,1.0
tolong bilangin ke gudang cirebon dc knpa paket suka bgt stuck berhari hari di situ sumpah idiot bgt tuh cirebon dc,0.0
banyak penjual yang pakai video produk orang lain jadi bikin banyak yang ketipu seller banyak yang gak amanah dan banyak yang nipu juga tolonglah shopee udah beberapa kali aku kena seller yang gak amanah rugi banyak ini,0.0
mempermudah segala urusan kalo untuk urusan belanjapokonya buat apknya terimakasih banyak telah meringankan warga indonesia terkususnya aku pribadi sekali lagi makasih,1.0
shop yg menipu tolong di black lis,1.0
sekarang shopee pengiriman nya lama banget udah hubungi cs nya tapi tetep aja proses nya ga dipercepat padahal lagi butuh banget,1.0
sangat bagus dan terbaik selalu shoppe,1.0
pokok nya serba mantap,1.0
saya sudah mengirim dari whatsapp dan messenger tapi tidak ada balasan satu pun,0.0
bagus,1.0
pelayanan bagus sayangnya untuk pengiriman spx banyak yg bermasalah,1.0
di percaya,1.0
shopee indonesis satunya apk belanja online yg sukai,1.0
melalui shopeeterjamin,1.0
manteb bgt,1.0
sangat mudah untuk ber belanja barangnya pun sesuai seperti yg kita inginkan,1.0
terus jaga kualitas dan pelayanan,1.0
jika pesanan di batalkan sudah masuk waktu pasti akan di tolak seller seharus tombol batalkan pesanan di non aktifkan saja,1.0
bagus aplikasi nya top bisa belanja apapun deh bagus,1.0
aplikasi membantu berbelanja,1.0
sangat membantu,1.0
serasa di bikin jebakanmau co di official apr asli dg harga murah ga bisagiliran udah bisa co mlh di batalin secara sepihakgiliran toko rating rendah mudah bgtmakin kesini mlh makin ga jelaskecewa bgt,0.0
sangat membantu uuuuu i loveeeeee shopee,1.0
pihak shopee ngak mau bertanggung jawab soal peraturan barang dibilangnya bukti tidak lengkap ngak mau berfihak ke pembeli lebih berfihak ke penjual,0.0
sudah melunasi tagihan tapi playlater tetap di bekukan lama sekali  sangat mengecewakan,0.0
shopee memiliki dampak positif dan negatifshoppe memudahkan masyarakat untuk berbelanja dengan alat digital tanpa harus ke toko shoppe juga menyediakan berbagai barang dengan harga beragamselain itushopee juga membuka lapangan kerja bagi masyarakat namun aplikasi ini jika di gunakan berlebihan dapat memicu kecanduan dan borosaplikasi ini juga berresiko penipuan dan barang tidak sesuai gambar,1.0
kalo baru download bnyk bgt brg yg rp suka bgttt shoppe food jg penting bgt di aku cm jrg ada peromo,1.0
apl nya cukup membantu trimakasih,1.0
bagus banget,1.0
shopee yang terbaik,1.0
bermanfaat,1.0
benci bgt gua tiap buka shopee selalu masuk ke video jadi ngelek hp gua,0.0
beli apa pun ada disini jangan ragu buat belanja d shopee,1.0
aplikasi bagus memudahkan kita yang malas belanja sendiri jadi terbantu dengan adanya shoppe tapi saya mau ngasih saran kalau bisa sih temanya tambahkan warna hitam ga warna putih aja karena terlalu cerah kalau gelapgelapan buka aplikasi shopee bisa menambah minus mata saya,1.0
sangat baik,1.0
saya kecewa dinonaktifkannya akun affiliate dengan alasan barang dan jasa yang di larang  dari sini saya paham berarti saya terperangkap mohon di filter lagi agar tidak ada korban lagi udah cukup aku saja yang terperangkap yang lain jangan sampai seperti saya ya,0.0
jadi ga ngotak sekarang,0.0
langsung aja dc kabupaten cirebon kek ga niat kerja  berkali kali paket kalo drop di kabupaten cirebon di pendem  hari ga di urus mending lu pada resign kalo ga niat kerja,0.0
puas,1.0
saran saya jangan pake shopee pay  sea bank karena mereka bisa ambil uang kalian seperti saya yang saldo sea bank saya sebesar  jt tiba di lakukan transaksi untuk pembayaran google play padahal bukan saya yang transaksi padahal saya setiap transaksi pasti verifikasi x yaitu password dan verifikasi wajah saya sudah lapor ke cs tapi jawabannya malah kami tidak tahu apa jangan jangan ini permainan karyawan shopee pay  sea bank sendiri yang,0.0
biaya penanganan apalah shopee koncol,1.0
kak tolong lah ya pilihan cod nya dibuka udah  bulan lebih ga dibuka udah saya coba hubungi ke choki atau cs tapi sama aja dia bilang masalahnya selesai tapi ga ada hasilnya,0.0
payah,0.0
good luck,1.0
kesel dikit,1.0
,1.0
ok bgt,1.0
bintang berbicara saran kalau bisa sistem pengiriman jangan di ajak muter dong langsung aja dari kota penjual ke kota pembeli buat meminimalisir resiko kerusakan barang akhir ini sistem pengiriman sering muter nggak jelas belum lagi tanggal estimasi yang tidak pasti berubahrubahmakin lama sampainya intinya shopee sudah tidak secepat dulu dalam pengiriman maaf bintang saya kurangi satu kalau makin parah maaf saya bakalan kurangi lagi saya pengguna aplikasi ini sudah lama,1.0
bagus,1.0
puas,1.0
berguna,1.0
jempol pokoknya,1.0
semenjak ada sopi yang tadi nya ke tiktok ke sopi,1.0
gausah tercantum penawaran murah shopee deals kalo ujungnya kita sama aja bayar dengan harga nominal awal,0.0
okeh,1.0
sangat puas,1.0
sangat membantu untuk memenuhi kebutuhan sehari,1.0
shopee semakin didepan,1.0
iklan barang slalu real  gratis ongkir  respotn cepat,1.0
kenapa akhirakhir ini pesanan lama banget sih bukan cuma saya tapi semua temen saya paketnya pada stuck di bekasi  hari gak jalan jalan juga paketnya,0.0
keren,1.0
iklan nya yang muncul di layar sangat mengganggu,0.0
puas,1.0
ok,1.0
josjis tolong banyakin voucher diskon biar ga mahal untuk kaum bawah,1.0
bagus belanja jadi mudah dan cepat,1.0
terimakasih sangat membantu,1.0
apk gk jelas jir gaada koneksi internet mulu padahal wifi di rumah gk lag sma sekali,0.0
bagus,1.0
ga bisa daftar sama nomor lama,1.0
biasanya tidak ada siaran live atau video bikin hp sangat lemot saya kasih saran hilangkan siaran live atau video,0.0
aplikasi shopee sangat bagus,1.0
kasih keterangan dong kalau toko sedang tutup atau jangan tampil di beranda dulu selama gak beroperasi biar gak ada salah paham secara ini kan berbelanja via online masa harus tahu jadwal buka toko,1.0
di shopee blanja murahbanyak voucher,1.0
belanja online lengkap,1.0
baru coba,1.0
shopee sekarang makin banyak voucher makin sukak dehhhh,1.0
mantap,1.0
shopee keren mempermudah segala keinginan menjadi kenyataan,1.0
semua pesanan saya datangnya tepat waktu,1.0
terbaik untuk shopee,1.0
untuk mendapatka barang yg sesusai menurut pengalaman saya harus melihat berapa banyak barang yg terjual dan banyak ulasan ulasan yg intinya memuaskan,1.0
layanan sesuai sop,1.0
good,1.0
sistem shope pas naik ke versi  makin parah banget orderan double sampai triple order gak ada notifikasi nya bikin ancur performa driver bukan  atau  driver hampir semua sama tolong di perbaiki sistem dan kalau bisa pisah fitur antara food dan spx,0.0
pengiriman spx sangat jelek dan sangat merugikan konsumen n penjual,0.0
bagus,1.0
semoga tambah ok,1.0
bagus,1.0
keren,1.0
mantap,1.0
semakin lama pelayanan shoopee semakin buruk,0.0
belanja di shopee cara mudah berbelanja cepat mudah praktis,1.0
jan paksa suruh orang masuk aplikasi lu napa gw lagi get key kegangu,0.0
kenapa pesanan saya selalu di kembalikan kepada penjualnya padal saya tidak pernah menolak atau apapunini sepertinya ulah kurir yang gk bertanggung jawab tidak mau mengantarkan alasan jauhdan saya tiba tidak bisa codkalau begitu saya akan uninstal aplikasi shopeekalau tidak bisa codsekian dan terima kasih,0.0
aplikasi yg sangat membantu sekalisudah lama saya bergabungpokonya sip deh,1.0
bagus banget,1.0
aplikasi dongogua mesen paket kg nyampe nyampe heran seribu heran gua mah,0.0
tolong shope lebih peduli lagi terhadap toko abal saya ketipu x di toko tersebut untuk bukti dan riwayat saya ada semuanya tolong di tindak lanjuti karena merugikan pembeli,0.0
ganggu nonton drakor,0.0
terimakasih shoopy ataa app shoopy kami bisa berbelanja dgn enak,1.0
saya kecewa dengan estimasi nya,1.0
shopee keren,1.0
pake lah shopee gampang lagi belanja di sini mura meria semua,1.0
sangat sangat membantu saya untuk memenuhi kebutuhan saya dan yg paling saya suka jika pesanan tdk sesuai barang bisa dikembalikan tanpa potongan biaya,1.0
harga lebih murah dari toko sebelah komplain konsumen cepat tangap,1.0
saya sangat kecewa dengan expedisi spxkurir tidak sopan dan selalu dipersulit,0.0
aplikasi yang dapat dipercaya,1.0
hebat,1.0
mantap,1.0
spaylater masih di bekukan tahun kemarin gw nanyain ke cs ada email masuk katanya shoppe meter saya di bawah  eh pas shoppe meter saya  dan aktif belanja di shoppe dan chat cs masih aja belum di buka aneh banget,0.0
bagus,1.0
sepi banget yang tanya aja ga ada apalagi yang belikalo ada yg chat pasti chat nya ceklist  tau terkirim dan terbalas atau tidak ke calon pembeli,0.0
aplikasi ini sangat buruk dari pengiriman dan barang palsu nya dan lebih mengecewakan lagi pihak shopee nya berpihak ke seler penipu saya mengajukan return bahwa barang rusaktidak bisa dipakai ntuk kalian yg ingin berbelanja online lebih baik hindari aplikasi busuk ini dikarenakan tidak akan bertanggung jawab atas semua pembelian kalian walaupun mengajukan return dengan bukti yg jelas,0.0
lambat sekali pengiriman paketx,1.0
harga lebih murah dari pada di tokoh,1.0
video di shope kebanyakan menipu lain di spil lain yang di jual kasian user yang baru menggunakan shope udah banyak korbanya  kalo bisa video yang gak sesuai di pilter aja terima kasih,1.0
memberi kenyamanan dalam komunikasi baik,1.0
apk bagus dan juga amanah,1.0
pertama  rekomendasi shopee video meresahkan terkesan menawarkan harga terjangkau padahal toko sudah tidak aktif selama beberapa minggu kedua banyak penawaran yang produknya berbeda dengan yang ada di video originalitas produk di video tidak sesuai dengan produk realnya,1.0
mantaaap,1.0
sangat mantappp,1.0
aplikasi bagus mempermudah kita belanja kebutuhan dan aman,1.0
aplikasi nya saya udah pakai bertahun dan baik pelayanan nyatapi  bulan yang lalu saya memesan barang sampai sekarang belum sampaiawalnya stuck aja  hariterus udah  minggu pas di cek udah kurir sedang menuju alamatmutapi aku tungguin ga ada kurir yg dateng lohhhharusnya kurir konfirmasi ngechat dulu kan bisaahirnya karna cape nunggu keesokan hari nya aku ke jt nya katanya paket aku ga adaaku cek di bagian lacak pesanan status nya kurir sedang ditugaskan selama  hr tp blm dateng,0.0
mantul,1.0
yang di butuhkan itu jawaban dan perbaikan bukan malah bertele tele doang eh malah tak ada hasilnya,0.0
membantu sangattproduk berkualitasbisa di andalkan,1.0
bagus,1.0
setiap bertanya ke customer service tidak pernah mendapatkan solusi,0.0
iklan lu dimana mana ganggu di chorme ada lu di mana mana intinya ganggu banget,0.0
ada gilanya shopee ni pengirimannnya kenapa bisa lama sekali heran,0.0
tpi pketnya lama banget sampainya,1.0
puas,1.0
saya senang dan juga sering belanja di shopee tetapi ada satu hal yang bikin saya kesal banget sama shopee yaitu iklannya itu mengganggu konten yang ingin saya lihat seperti saat saya hendak memencet link di google tiba tiba saja masuk ke aplikasi shopee nya dan juga susah untuk keluar dan itu sangat sangat mengganggu saya tolong lah developer nya di kondisi kan itu aplikasi  terimakasih nanti saya kasih bintang  deh klo udah di perbaiki,0.0
pengiriman sekarang sangat buruk molor berharihari dari estimasi,0.0
buat shopee sarannya cuma di kurir sihkarena masih ada kurir yang suka lebih in nominal dan gx ada kembalianudah kena biaya layanan mahal masih dikacangin sama kuriruntuk lebihan tergantung individu masing tapi etika kerja harus lebih diprioritaskansaya tau kalau mereka cari seseran dari lebihan bayar cod tapi jangan curang dengan bilang gx ada kembalian tapi besoknya ditagih malah minta lebihan lagi,1.0
shoope sangat sangat memuaskan,1.0
barang diterima sesuai,1.0
sudah bayar status masih blm bayar,0.0
bagus nih jadiiiiiisb,1.0
aplikasi yang sangat bermanfaat,1.0
bintang  ini bukan sekadar pujian tapi kritik dari saya pribadi selama saya pakai shopee saya lihat kurir spx express sangat profesional melakukan profesinya namun untuk kali ini saya kecewa total saya ada di rumah nomor hape aktif gak di silent tapi paket dibatalkan karena hal sebaliknya malah paket tersebut dikembalikan bagaimana solusinya saya muak dengan sifat tidak profesional seperti ini mohon ditindaklanjuti,1.0
penanganan masalahnya tidak diberi kejelasan pelayanan cs sangat buruk,0.0
paket saya stuck udah setengah bulan udah komplain berkalikali cuma di tanggepin doang tapi setatus pesanan ngga berubah tolong di perbaiki lagii,0.0
mohon maaf sebelumnya aplikasi shopee indonesia ini sebenarnya sudah cukup bagus karena menyediakan spaylater dan spinjaman karena sangat membantu untuk transaksi saya dalam hal transaksi pembayaran online tapi saya sangat kecewa dengan aplikasi spaylater ini karena saya sudah bayar tagihan tapi tidak bisa menggunakan fitur ini lagi mohon pihak shopee lebih memperhatikan peraturan yang ada jangan sampai pelanggan atau pengguna aplikasi ini kecewa saya sudah lama menggunakan aplikasi ini,0.0
hama bet setiap muncul iklan apk ini pasti selalu susah buat keluar dari iklannya,0.0
diskon tidak bisa dipakai,0.0
bagus,1.0
ini aplikasi membantu banget aku mau beli barang jadi nggak ribet bagus juga aman banget aplikasinya udah terpercaya thankyou,1.0
pelayanan dalam pengembalian hak konsumen saangat mengecewakan dan tidak baik pengajuan dana refund tiket peswat saya dari tanggal  februari    mei  belum juga di kembalikan kalian menahan hak hak konsumen tim shopee binatang tidak bertanggung jawab sama sekali menahan hak konsumen dan memakan yang bukan hak mereka aplikasi seperti seharusnya di hapus saja sangat merugikan,0.0
bagus aja si,1.0
shopeee krennn,1.0
belanja macam macam,1.0
selama ini saya memakaimenggunakan platform belanja online hanya shopee yang tidak pernah mengecewakan saya yang lain payah dah,1.0
harganya sangat murah dan tidak bohong,1.0
baik,1.0
sangat baik,1.0
mudah amanah dan gak ribet,1.0
aplikasi ini suka bermasalah dan suka spam kebijakan returnnya pun gk jelas,0.0
udah  minggu barang belum sampe kesel banget,0.0
ok,1.0
terima kasih shopee aplikasi nya sangat membantu kebutuhan sehari hari kamis semoga shopee tetap sukses dan selalu terdepan,1.0
baru kali ini kecewa banget pesen cushion refil nya malah datang bedak tabur ngga jelas tnpa merek,0.0
pecah koin gak bernilai cuma perak anminimal kasih seharga sebiji permen lah,0.0
murah,1.0
uih mengerikan,1.0
alhamdulillahselalu dapat harga murah,1.0
terimakash,1.0
cocok tau,1.0
jasa pengiriman spxnya,0.0
shopee sangat sensitif dan tidak relevan apalagi terhadap affiliate pemula sering kali dipersulit bahkan dipermainkan mulai dari akun dibatasi tidak bisa upload sv share link tibatiba akun dinonaktifkan padahal aturannya sendiri suruh share link bahkan lebih parahnya akun mudah dibanned permanen garagara masala kecil itupun sekali bukannya dikasih peringatan main blokir aja tibatiba saran mending ecommerce lainnya lebih baik untuk affiliate jauh lebih baik ditiktok,0.0
bagus,1.0
shopee tolong kasih nomor kurir di bagian pengantaran karena kalo pesenan yang ga cod pasti dikirimnya lambat pdhl status udah diantar kurir pdhl kalo cod pasti lgsg dianter tolong ya pihak shopee kalo gini jadi ga bisa ngehubungin kurirnya,1.0
kulir nya lelet semua bjur lah,0.0
mantap,0.0
bagus,1.0
shopee emang jos pesanan sesuai,1.0
bagus,1.0
produk di beranda ga sesuai yang diminati padahal udah search produk yg kita minati tapi tetep itu aja yg direkomendasikan mau cek in biar dapet poin aja lemotnya minta ampun harus berulang kali nge refresh,0.0
sangat sangat rekomendasi,1.0
saya mesen barang di akun baru kok malah ke blok yaa udah bayar padahal loh emg si blom verif email si tapi kan udah ada nomor telpon kenapa gabisa yaa duit saya gimna itu,0.0
sangat puas pakai aplshoopie tdk ribet pokoknya muantaaap betul,1.0
kurirnya busuk  paket gak dianter malah ditinggal dirumah  diambil kantor gak bisa,0.0
dear shopee tolong yaa kalau mau pake spaylaterrincian tambahan biaya penangananbunga bank nya ditaruh difakturjangan belakangan gitubiar jelas padat dan woke biar tidak terkaget kaget shopee,1.0
ok,1.0
banyak merek yg di cari tidak kelihatan seperti pedro yang di tampilkan malah merek lain,0.0
skrg mb ny nambah besar yadi hapesaya lemot bgt skrol pilihlemot bgtturunin lg mb y biar ga lemot,1.0
suiiipp,1.0
saran saya untuk masyarakat indonesia mending jangan download shope atau pakai shope bagi penjual maupun pembeli cs nya nggk bisa nyari solusi ketika akun terdapat kendala masalah pada apk  kalian punya otak yang pintar pakai tokopedia tiktokshop saja beli sesuatu tidak ribet jadi penjual pun tidak sulit kayak aplikasi shopee ini saya benar benar kecewa saya meluapkan amarah saya hanya melalui comentar di apk ini agar masyarakat indonesia pada tau buruknya apk shope ini,0.0
bagus,1.0
aplikasinya bagus bagus,1.0
sangat bagus puas dengan pelayananya,1.0
goooddd,1.0
alhamdulillah aplikasi ini memudahkan kita utk mendapatkan barang yg kita inginkan sesuai dgn kemampuan intinya memudahkan kita berbelanja terkhusus bagi orang yg tdk pandai menawar barang seperti saya,1.0
sangaaaaaaat puas dgn sopiee,1.0
pengembalian barang dan dana nya ribet dan lama bahkan seperti pihak shopee seperti membantu kecurangan seller,0.0
seneng banget beli di shopeeselain barang nya bagus harganya juga murah,1.0
aplikasi gk jelas,0.0
susah masukin alaman langsung keluar tanpa ke simpan alamatnya aneh,0.0
perasaan dulu gw liat nih rating olshop ini  deh kok sekarang tiba jadi  padahal mah sistemnya ga bagus amat sering error bahkan sistem aplikasi malah ngawur ini bisa tinggi lagi lu ngebayar playstore yaakk di refresh lg ke rating tinggi permainan kotor bahkan sistem aplikasi pun juga kotor harga di beranda  ehh pas di klik ternyata  ihhh isinya setan apa gmn dah tuhh kok bisa berubah ga jelas,0.0
bagus,1.0
kenapa sekarang pengiriman nya agak lambat ya bisa sampai satu mingguan biasa nya  hari sudah nyampe,1.0
pengiriman lama selalu melewati batas estimasi,0.0
sangat puas,1.0
saya sebai customertolong stiap kurir di treaning supaya lebih sabar menghadapi customer krena itu rssiko pekerjaan kita belanja bayar pake uangterkadang kita sbagai customer membeli tidak sesuai tetep kita bayarmeskipun barang di kembalikan juga bisatapi terkadang kita lebih memilih untuk menerimanya dan membayarnya,0.0
𝔰𝔞𝔫𝔤𝔞𝔱 𝔭𝔲𝔞𝔰,1.0
top,1.0
murah,1.0
sangat bagus,1.0
mantap,1.0
belanja lebih mudah ngak perlu ribet,1.0
banyak penipuan,0.0
good puas banget,1.0
sekarang parah dari pihak spaylater dan spinjamlimit spaylater rb akun gk bisa buat belanjapadahal bayar tagihan tidak pernah terlambatbener kecewa dan su gguh parah dan payah,0.0
memudahkan belanja online berbagai kebutuhan dan dapat dipercaya produk²nya tapi ada juga beberapa seller yang kurang berkenan mutu produknya  sukses sll shopee,1.0
puas belanja di shopee,1.0
tolong tambahin folder khusus wishlist favorit biar ga ke campur semua barangbarang yang pingin di beli,1.0
belanja lebih menyenangkan dishopee banyak diskonnya lebih ngirit waktu juga,1.0
sangat membantu sekali berbelanja di shopee semakin mudah dan akurat,1.0
terkait opsi stuck pengiriman telat dlm informasi update,1.0
terlalu lama dalam pengiriman  hari barang tampa ada pergerakan management pengiriman berantakan,0.0
pengiriman lama banget kek siput semingguan bisa bisanya nyampe paket ga kek aplikasi sebelah  hari udah dtg jdi mls mesen di sini tolong ya ganti aja ekspedisi nya biar cepet,0.0
barang bagus,1.0
apakah dsini bisa meminjamkan uang kepada orang yang butuh termasuk sya slah  nya,1.0
terimakasih atas pelayanan nya saya muhammad teja almaruf,1.0
sejauh ini shopee tenpat belanja ternyaman,1.0
shopee mantap dan super keren,1.0
kasih banyak terima kasih,1.0
aplikasi belanja terbaik nomor satu di indonesia,1.0
buat lebih bagus lagi,1.0
paket pengiriman cepatsesuai estimasiamankonfirmasi kdtangan pakettoko toko yg amanah,1.0
apk ini sangat memuaskan aku suka,1.0
untuk saat ini nyaman belanja bersama shoope,1.0
tolong sisitem coinnya diperbaiki karena saat saya menukarkan coin sopi karena uang saya kurang  perak sistem tidak bisa mendeteksinya alhasil saya tidak bisa membeli barang tersebut shopee pay,0.0
aku sudah kasi bintang lima skrg tingkat terus layanan nya,1.0
bintang  buat shopee selalu puas dengan barangbarang yang saya beli kualitasnya oke dan kuat pelayanan seller terbaik dan sangat membantu terima kasih shopee sudah jadi platform belanja andalan saya,1.0
tidak bisa aktifkan paylater,0.0
kadang ada toko yang tidak amanah,1.0
melebihi tanggal estimasi tolol banget jir,0.0
sukaaaaaa maksaih,1.0
sangat puaslah mslah pelaynanxis the best dechbuat shopee,1.0
sekarang pengiriman lama terus tidak kayak dulu pas masih sama jt pasti pesanan cepet sampai kaya dulu,0.0
aplikasi suka error ngelag padahal sinyal bagus bad lah pokoknya mending belanja di app lain aja,0.0
amat sangat bagus dari segi kiriman baguss pollll gak cacat,1.0
belanja dua kali udah lama nunggu malah dibatalkan sepihak sama shopee,0.0
pengiriman tepat waktu dan barang tersegel serta kondisi baik,1.0
bagus,1.0
kenapa sekarang shopeefood nya mahal bgt ya beli makanan harga k kena ongkir k  biaya layanan aja sampe k padahal gk jauh bgt kok warungnya lebih mahal ongkir sama biaya layanannya dri pada harga makanannya mau dapet voucher gratis ongkir pun cuma ngurang k doang setengahan harga sama harga makanan nya kikir bet dah,0.0
ganti hp pas login shopee pake berbagai macam metode terus diwajibkan verifikasi wajah udh berulang kali dicoba selalu dibuat sistem error woi yg bener ajaaa udh jelas yg punya akun siapa masa karna ganti perangkat atau hp jadi gabisa ngenalin jelas jelas udh login email login dari wa pake sandi ahhh aplikasi bego,0.0
pengiriman cepat alhamdulillah barangbarang aman dan dikemas dengan rapi harga bersaing terima kasih shopee untuk pelanggan yang menyertakan alamat rumah bukan tempat anda tinggal tolong jangan malas menyertakan nomor yang bisa dihubungi atau keterangan tambahan agar kurir tidak bingung terimakasih,1.0
nge ganggu bnget di crome aplikasi jelek tutup aja banyak penipuan sering nyedot saldo di dana atu bri sebaik nya jangan di dowload,0.0
sangat membantu untuk keperluan rumah tanggaperabotan keperluan dari bayi sampai dewasa semua sesuai terima kasih shopee,1.0
aku ganti jadi  sbelumnya aku kasih  terimakasih shopee thn sudah barang ga pernah kecewa mau itu seller  mall,1.0
cakep,1.0
saya seneng belanja disini tapi sangat disayang kan ketika beli makanan d shopefood harusnya pihak shope jangan bikin double double order gt jadinya bikin nunggu lama,0.0
mantap,1.0
shopee vip emang mantabbbb,1.0
perbaiki tuh sistem top up nya jngn di korup,0.0
ok,1.0
malas retus kenapa sekarang pelayanan jelek jelek,0.0
kali ini saya kecewa pengiriman sudah seminggu pesanan belum tiba stuck di semarang aja,0.0
sangat puas pelayanan shopee,1.0
mantap sangat membantu sekali,1.0
lemarinya bagus gampang di pasang pengiriman jauh k sanger gak ad yg rusak padahal dosnya uda ad yg kebuka²,1.0
bagus,1.0
oke,1.0
tempat belanja tanpa ribet,1.0
sangat puas,1.0
banyak diskon mantp,1.0
bagus,1.0
aku kasih bintang  agar muncul di atas tolong yaa aplikasi nya ini sudah bagus bngt banyak diskon juga tapi satu bermasalah di pengiriman tolong gudang sortir di bandung alias bandung kopo dc tolong di perbaiki banyak paket yang kehalang disana termasuk paket saya  hari di kopo dc,1.0
josss,1.0
keren,1.0
shopee payleter susah bner percaya keorang ada saran lainkan supaya bisa kredit lebih baik,1.0
tolong yang tokonya tidak amanah ditutup aja,1.0
sangat puas,1.0
ok mantul,1.0
sangat membantu belanja keperluan rumah tangga dll,1.0
belanja jadi gampang,1.0
terimakasih,1.0
cepat kirim nya,1.0
shopee jhosssgandhoos,1.0
amanah dan terjamin,1.0
shopee belanja apa aja mudahsangat membantu kebutuhan kitaterus berkembangsukses,1.0
baik,1.0
udah langganan shopeevip ongkir nya tetep aja mahal kecewa sih mending gausah langganan deh,0.0
semenjak pindah ke shopee indonesia ini saya sangat puassbaget dan amanah,1.0
apalah pas mau liat pesanan lag banget padahal buka yg lain bisa dasar aplikasi aneh,0.0
good,1.0
cepat dan tepat,1.0
dari pihak kurir dan pengiriman barang tolong lain kali jgn terlalu lama dan kurir biasa gak menghubungi whatsapp customerterus juga bisa seenak nya kurir meretur barangkarena dengan alasan lokasi pembeli tidak di temukanpadahal dri kurir nya yg tidak ada menghubungi kontak,0.0
puas belanja di shopeeharga bersahabat,1.0
pelayanan tidak memuaskan banyak iklan tidak penting pembeli diabaikan banyak prosedur tidak konsisten dan amanah,0.0
ok lanjutt,1.0
terang juga lampunya modelnya bagus,1.0
sesuai pruduk no tipu tipu,1.0
terbaik,1.0
makin jelek aja nih shopee masa pesanan sata di batalin semua udh ga serublanja di shopee,0.0
sangat puas belanja online semua lancar dan amanah terimakasih semuanya,1.0
tiap buka shopee langsung masuk shopee live ini sangat ganggu banget sih bayangin aja kita buka di tempat rame atau ingin buka secara diam² saja ee malah kedengeran suara shopee live sumpah ganggu seharusnya berikan keleluasan pada pengguna apakah ingin cari produk lewat shopee live atau scroll  pencarian di apk secara mandiri jujur saya lebih nyamandengan scroll atau lewat search product apa yang saya inginkan,0.0
semua bagus mulai apk sampe jasa ekspedisi hanya karena ulah satu oknum kurir spx bisa bikin nama baik hancur tolong di evaluasi kurir spx di area pare kediri jawatimur yang suka chat pagi  bahkan sampai maghrib pesanan belom nyampe  gak sekali dua kali tapi berkali kali  hari ini  mei  dan bahkan pembatalan pesanan bikin dokumentasi bukti pengiriman bukan foto rumah saya tapi foto rumah orànglain masih ada ss nya di saya tgl  mei,0.0
saya sangat puas banget belanja di shopee belanja lebih mudah dan praktis tidak menyita waktu,1.0
selama ini baikbaik saja,1.0
bagus,1.0
oke,1.0
yahbiasa,1.0
dulu cuma  hari sampai lokasi sekarang  hari baru sampai diskon nya doang gede tapi kalah cepat sama tokopedia urusan kurirnya,0.0
ok,1.0
puas beli dishopeee love sukses trus ya,1.0
aplikasi yang bagus buat belanja online,1.0
sangat puas dengan shopee,1.0
bagus,1.0
memuaskan selalu amanah,1.0
sangat membantu,1.0
good fast respon transaksi kuota  pulsa lanjay,1.0
beberapa kali pesan paket tidak pernah sampai kemudian disuruh batalin kocak shopenya,0.0
selalu sesuai yang dipesan,1.0
aplikasi sangat bagus buat belanja online secara mudah,1.0
harusnya ga perlu aktifkan lokasi ketika mau beli barang,1.0
mantap,1.0
waw,1.0
memuaskan,1.0
paket stuck semua ga jalanjalan,1.0
terimakasih shopee memudahkan berbelanja tidak perlu keluar rumah sangat menyenangkan belanja online berkat aplikasi shopee berbelanja gak ribet dan mengasyikkan,1.0
sangat mudah berbelanja,1.0
tidak bisa membatalkan pesanan saat salah lokasi,0.0
bagus,1.0
seneng belanja lewat sini gampang tapi kenapa banyak kendala sih heran,1.0
kurir tidak amanah,0.0
bagus banyak diskonnya,1.0
maaf ya shopeekadangkadang pengiriman salah tolong jangan sampai salahya biar aku suka tapi mbya di kurangi,1.0
gak bisa chek out,0.0
kelamaan pengembalian dana  sehingga kalau butuh uang nya harus nunggu dlu,0.0
berbelanja di shopee murah dan kualitas nya bagus,1.0
sangat buruk untuk apk shopee sekarang saya pesan paket sudah  hari tidak sampai toko dari tanggerang tujuan paket ke lampung padahal di estimasi cuma  hari dalam proses pengantaran saja sudah x gagal untuk hari ini yg ke x pengantaran gk tau sampai atau tidak hari ini kejadian seperti ini bukan hanya sekali tapi sudah sering masih mending di apk totok karna lebih profesional,0.0
sampai sekarang masih setia belanja menggunakan shopee dan diskonnya tiap bulan pasti ada dan banyak,1.0
terlalu banyak penjual penipu tolong shoppe di cek lagi penjualnya  pengiriman sangat lambat sampai barang rusak dijalan laporan cs nda ad solusinya,0.0
terbantu banget dengan ada nya shoope belanja jadi lebih mudah dan sistem return yang praktismohon terus di tingkat kan lagi pelayanan nya,1.0
keren,1.0
cod cek dulu membuat kurir spx jadi lama memang bagusnya cek dulu bisa mempermudah pembeli kalau barang tidak sesuai atau ada kerusakan di jalan tapi itu juga termasuk resiko belanja online yang harus ditanggung oleh pembeli biarkan saja pembeli sendiri yang mengembalikan barang pesanan kalau ada yang tidak sesuai bukannya menambah jam kerja kurir yang membuat pengiriman jadi lama dari pengguna shopee untuk shopee kecepatan pengiriman lebih baik daripada kemudahan pengembalian,0.0
oke baik,1.0
good job,1.0
bagus membantu ekonomi,1.0
iklan lu tuh ganggu anjing udah syukur gw download gw simpen di hp gw tapi tiap iklan lu muncul gw langsung di arahin ke apk lu mana berulang lagi gw hapus gw pengin tenang gak di ganggu iklan lu cuih,0.0
puas pakai shopee,1.0
ok,1.0
aplikasi shopee sekarang berat lemot banget padahal udah di update versi terbaru gak kayak dulu lancar sekarang banyak kendalanya mau buka aplikasinya suka lamaaakadang ngeblang putih doang mau memuat halaman juga sama lama terkadang keluar sendiri dari aplikasinya tolong pihak terkait diperbaiki lagi aplikasinya udah coba beberapa cara tetap aja kayak gitu,1.0
dulu,1.0
lumayan,1.0
sejak dulu saya pelanggan vip beberapa bulan ini shopee menyebalkan seolah dengan memberi kompensasi tak berguna sepuluh ribu perak kemudian menganggap enteng keterlambatan kurir eh kita gak butuh duit kompensasi,0.0
rp shopee ini rp  ipad pro  m inch banget sih kalo aku gk harusnya kenapa sih shopee  ini ada,1.0
shopee pinjamnya lama banget approvalnya padahal gw termasuk orang yang selalu bayar tepat waktu jadi mendingan pindah kesebelah aja apk ijo,0.0
shopeememang ok,1.0
bagus,1.0
selama saya menggunakan shopee segalanya jd mudah dan gampang barang yg sy cari selalu ada dan juga murah banyak ragamnya juga selama ini shopee selalu menjaga agar konsumen tidak ragu atau bimbang terhadap pelayanan pembelian produk yg diberikan kepada konsumenserta selalu menjamin kenyamanan bertransaksimantap pokoknya  trima kasih shopee,1.0
bagus ⁰⁹,1.0
membantu sekali,1.0
mempermudah,1.0
responsif good costumer service pokoknya tingkatkan terus pelayanannya min,1.0
jos,1.0
mantab ziwa,1.0
harga murah pengiriman cepatbarang yg di toko seller sesuaibanyak promo dan vuchernyamakasi shopee lite,1.0
udah kerasa semenjak ada spx paket jadi pending lama kalo dari pihak ekspedisi masih belum bisa cover balik aja kayak dulu mau ambil di drop point juga gak bisa,0.0
nggak bisa ke instal,0.0
ini apk lama² jadi semacam apk tiktok setiap buka apk shope langsung disambut video drakor sungguh menjengkelkan orang mau cari barang malah suruh nonton drakor,0.0
cs dan tim shopee skrang kinerja nya pada buruk ya masalah blm di selesaikan lgaung ttup chat tutup laporan dengan jwban yg template itu aja di tnya apa jwbnya apa kyknya pada males bnget utk mmbantu permasalahan kami smpe di kasus pelaporan aja bgitu di jwab dgan jwaban yg template lgsung main ttup laporan gitu aja dgan di tandai masalah selesai ampun dah shopee shopee bngung sy utl cri solusi ny sdang kan chat cs dan lgsung ke tim nya aja kyk gitu,0.0
kak ini kenapa udah ngikutin standar shopee msh di hapus yaaa kebijaksanaan dari mn ini ga masuk akal sii standar shopee udah msh di hapus aneh ga kayak toko ijo dan tok tok ga bnyk aturan lama shope di tinggal sama bnyk orang,0.0
berak,0.0
keren,1.0
pengiriman lambat sudah lambat di batal kan sepihak tanpa alasan tertentu kecewa,0.0
kenapa susah banget sih kalau lagi chat sama kurir selalu loading muter ujung nya pesan tidak terkirim padahal koneksi kenceng chat sama penjual juga aman aja giliran chat sama kurir loading terus berujung pesan tidak terkirim dan ini sudah berlangsung lama bukan baru ini padahal apk sudah di update sudah di clear chace,0.0
aku rating buruk dulu smpe akunku balik dan pesananku dimunculin statusnya apa kalo ga minimal saldo ku ribu itu dibalikin cs juga skrg gda respon biasanya paling cpet  jam bales ini lebih dari  jam gables bales,1.0
pokok nye shopee deeh,1.0
pokoknya puas,1.0
kyk udh bener unisntal ajaganti ke hitam lebih cepatpihak shopee payah gk ada perbaikan,0.0
saya senang belanja di shopee,1.0
belanja di shopee sering puas tapi kalau da penjual nakal bikin kita kesel gk puas kecewa abis misalnya tolong shopee ikutan menertib kan dongagar kita tambah suka ma shopee,1.0
hu hu,1.0
mantap,1.0
saya sangat puas dengan pelayanannya mas kurirnya baik baik dan sopan semoga shopee makin jaya,1.0
shopee cukup informasi dan berkualitas,1.0
shopee the best,1.0
tolong buat pemerintah lebih di perhatikan lagi ini shope sungguh banyak merugikan masyarakat indonesia apalagi pedagang yang sering di main pembeli untuk minta dana refund dimana uang pedagang jadi tertahan mending pedagang yang banyak modal kalau baru jualan gimana nasih makan anak istrinya kalau uangnya tertahan  perlu di perhatikan untuk dapat toko merchant yang tidak proporsional ini buat kantor perwakilan di tiap daerahagar melayani komplain lebih baik,0.0
mantap,1.0
sebagai aplikasi olshop sudah bagus cuma iklan shopee sangat mengganggu disetiap aplikasi lain  selalu otomatis masuk sistem lacaknnya acakacakan,1.0
tolol,0.0
shopee food sekarang banyak kali biaya ini itu nya di luar biaya pengiriman kenak  di luar biaya ongkir masak ada biaya pengemasan seharusnya beli makanan ya udh itungan sama biaya pengemasan tambah lagi biaya lain² nya padahal nanti biaya nya gk nyampe ke seller dan harga yg tertera juga pasti lebih mahal dr harga seller ini di bebani lagi biaya lain² mending shopee perbaiki diri lah udh banyak orang yg komplain masalah biaya ini itu jangan nanti orang² ninggalin shopee,0.0
kenapa ya belakangan ini paket nya lama sekali datang padahal etimasi nya  hari tapi seminggu belum datang juga ini udh kesekian kali nya lo padahal waktu kita berharga,1.0
mantap,1.0
paket sudah  hari belum sampai  pengiriman bolak balik ngga jelas padahal alamat nama nomor dah sangat jelas  lambaaaaaat,0.0
bagus,1.0
sangat membantusekali,1.0
lumayan sih belanja disini tp  hadiahnya kecil bangeettt kurang banyak,0.0
suka dengan promonya,1.0
apaan sekrang shopee dulu paket telat sampe dapet voc potongan k min belanja k sekrang min bel k ga masuk akallllllllll,0.0
mantap,1.0
lumayan lengkap harga terjangkau,1.0
x pesennnnn kenapa pesanan saya dibatalkan trusspdhl udh jelas estimasi tiba nya udh tertera oke deh klo telat  hr ini smpe berminggu udh gtu maen batalkan aja ga lagi deh pake shope lgi,0.0
shopee sekarang lama banget pengiriman nya gak kayak dlu apalagi semenjak gak bermitra lagi sama ekspedisi lain udah kayak se enak jidat ngirim paket orang,0.0
shopee konsisten free ongkirexcellent,1.0
waspada sebelum langganan vip meskipun sudah bayar promonya tetap sistem rebutan dan vouchernya banyak yang eror saya pribadi sudah rugi voucher mcflurry karena hilang di sistem tanpa bukti sampai sekarang voucher point coffee dan mcd ice cone pun masih belum bisa digunakan pikirpikir lagi sebelum langganan,0.0
penglman yg memuaskan,1.0
soal voucher shopee enak banget banyak voucher dan gratis ongkir tapi aplikasinya agak lambat jadi berat harus sinyal kencang banget,1.0
aplikasi nya membantu buat orang yang males keluar,1.0
kenapa sih shopee sekarang pengiriman nya selalu lambat sampai bisa hari baru sampaipadahal sudah dalam perjalanan ke alamattapi defkripsi nya di tunda trus kenapa begitu yasampai saya samperin ke gudang shopee nya loh,0.0
bgus,1.0
tempat berbelanja paling murah,1.0
setiap mau return barang dishopee ga pernah diambilpadahal udh hari lebih tapi ga pernah diambil,0.0
bintang lima biar d bacaa aga heran sihh sama akun shoppe nyaa  kenapa ga bisa bayar cod harus lewat tf teruss kan aku jadi susah kalo mau chekout barang,1.0
oyoyoy,1.0
sangat membantu dalam keadaan normal,1.0
bagus si sbnrnya cmn skrg suka kesel grgr shopee foodnya lama bgt nyari drivernya lama pernah sampe sejam aku lupa batalin sampe dapet driver jam lebih kadang jg suka eror pesen makan resto jarak km malah keubah km suka bingung pokonya mines di driver doang lama bgt tolong itu knp bisa lama,1.0
oke bgt top sukses selalu shopee,1.0
makin kesini makin gak jelas saat cek harga harga awal  k saat cek out berubah ubah kadang k kadang k each jadi kita sebagai pembeli bingung mau cek out payah payah gak recomended mainin harga,0.0
ga usah sok manis krn aslinya ibls klen buat aturan makin mencekek pemgembalian produk pot  iklan rbprodukhr bahkan skrg lbh klen cekek hny krn dilihat isi habis rb utk  iklam ga sampe mnt habismau keln iklan jt sehr brp pastikan omsetklen pikir semua pemain besar ecom jhnam bkn krn klik lg bkn diringankan krn ada yg belibukan dukung umkn tp di bnh berlahanaku sumpahin klen yg buat aturan kelak kelen akan susah sulit kehidupan lalu dicekek lg zolim tdk ada nurani,0.0
tolong ya buat shopee uang saya belum juga di kembalikan dalam proses terus katanya nunggu x  jam tapi ini udah melebihi estimasi nya cs nya bilang tinggal di tunggu aja gak ada keterangan lain di tanyain lagi ke cs yang lain suruh ngisi form nya kenapa gak dari kemarin coba suruh ngisi nya kalo gini saya jadi nunggu lebih lama lagi,0.0
puas,1.0
sangat puas,1.0
aplikasi penipuan,0.0
kren,1.0
paket selalu saja ngestuck,0.0
sering berpindah ke aplikasi shopee sendiri dan itu sangat mengganggu,0.0
bintang dulu ya so msh banyak toko yg kurang amanah lain d pesan lain juga yg d kirim jd klo bisa shopee lbih selektif lagi,1.0
selalu puas belanja di shopee dan alhamdulillah barang yg aku pesen selalu sesuai,1.0
suka salah kirim paket,0.0
semoga di baca,1.0
shoppe knapa paket saya gak sampe² dah melebihi estimasi gak gerak sama sekali ini gimana ini,0.0
bagus nih aplikasi gua beli baju real madrid kualitas bagus banget udah gitu pengiriman nya gak lebih dari estimasi,1.0
pengiriman cepat,1.0
pihak shopee sanat lemot menangani masalah pesan barang ke pelapak disini sudah ada resi untuk pick up barang tapi barang tidak di serahkan ke jasa kurir dan chat penjual tidak di respon pengajuan pembatalan harus nunggu waktu lama sampai penjual merespon padahal penjual tidak merespon chat sangat kecewa shopee tidak bisa bantu mau cari barang di toko lain jadi terkendala harus menunggu di setujui pembatalannya belum lagi masalah lain,0.0
sangat membantu,1.0
sangat puasss pengembalian cepat dan kirim cepat,1.0
mantaf,1.0
mantap lah,1.0
bagus,1.0
keren,1.0
bagus,1.0
tolong ya cs nya bisa di edukasi buat nanganin masalah biar g template jawabnya,0.0
kenapa spyliter saya ngga bisa di pake,0.0
sangat puas,1.0
keren,1.0
selalu puas berbelanja di shopee  pengiriman selalu cepat dan harganya juga selalu terjangkau,1.0
kenapa ada pembatasan codjdi gk bisa mesan barang lagi saya,1.0
bagus banget sangat membantu sekali memudahkan untuk belanja dari rumah tanpa ribet keluar rumah belum lagi panasan polusi harus antre lagi cukup dengan rebahan buka aplikasi shopee tinggal pilih scrooll pokoknya aplikasi ter the best makasih ya sukses selalu,1.0
berbelanja d shopee pengantaran kurir nya bagus dan ramah,1.0
bagus untuk belanja online,1.0
online mall terbaik aqohhh sementara ini buat yang komentar aplikasi lemot bikin hp lemotheyyy hellow di update makanya aplikasinya tiap tanggal kembar pay day itu pasti ada update ada promo baru voucher baru aplikasi itu gak cuman staytapi di updatesesimpel itu trus hp gadget kalian juga di updatecek sistem update di pengaturan hp kalian jangan nyalahin aplikasi kalo hp kalian lemot cek update berkala atau nyalakan otomatis update di jaringan apapun,1.0
mantap sangat membantu,1.0
ok bngt,1.0
berbelanja sangar aman dan nyaman,1.0
sangat membatu,1.0
shopee teman dalam berbisnis dengan adanya aplikasi shopee ini secara online saya diberi kemudahan dalam melakukan transaksi sehari hari dalam kebutuhan pribadi dan bisnisterima kasih shopee semoga kedepannya lbh bertambah maju dan sukses selalu,1.0
sangat memuasakan,1.0
nice so fast,1.0
ni saya kasih bintang  tolong diperbaiki semoga bukan pengguna vip aja yg bagus layanan nyabanyak vidio produk yang pakek ai jadi g bisa lihat yg asli barangny bagus atau tidakjadi tidak sesuaiditambah notif pengiriman lambat terima kasih,1.0
bisa nggak si kasih fitur nomer pengirim barangnya supaya bisa ngasih tau misal lagi g dirumahnaroh uangnya dimana gitu,1.0
sangat baik pelayanan,1.0
aplikasi belanja tidak ada perlindungan dari penjual nakal saya beli kaos datengnya kardus ama sendal jepitstts kiriman masih di jasa pengiriman tapi barang sudah datenguntuk return juga akhirnya tidak bisa,0.0
sangat puas,1.0
biar di baca telat notif nya tangal nya jga,1.0
pengirimannya lama banget udah hampir hari gak dikirim kirim x juga paketnya ditunda sama kurirnya memangnya ada kendala apa sampek ditunda x pengirimannyaganti ajalah ekspedisi nya lama banget spx gajelass udah chat di ig shoope juga tapi tetep disuruh menunggu sampek estimasi yang ditentukan udah x loh ditunda paketnya ekspedisi gak jelasss,0.0
sementara  dulu ya masih ada kekurangan,1.0
sangat memuaskan,1.0
baru pertama pke quris sopeepay cepet itungan detikluar biasajos gendos,1.0
ada apa dengan pengiriman shopee nih masa barangnya diputer udah mau sampai malah dibalik ke sortiran lagi kan lucu chat dengan cs tidak dapat melayani gimana ni mohon bantuannya,1.0
iklan nya sangat meresahkan,0.0
suka,1.0
lanjut,1.0
makin kesinih jelek banget dikit pelanggaranpadahal ga macem,0.0
terpercayamurah dan pengiriman cepat,1.0
shopee mantap is the best,1.0
promo nya mantap lebih banyak lebih seru,0.0
kurir shopee express nya gaje ud  hari paket di kurir ga sampai hari ke  ga sampai juga saya kasih bintang,1.0
kek mana ni min paket saya stuck di tanggerang mulu hampir  bulan,0.0
ya sangat membantu dan banyak barang yg saya udah pesan,1.0
optimalisasi aplikasinya masih buruk nyari barang a yg keluar malah iphone dan ntah kenapa default nya selalu iphone dimohon optimalkan lagi aplikasinya karena saya juga sering belanja disini,0.0
shope memang banyak menolong belanja online,1.0
cepat tepat akurat,1.0
kemarin ada pesen barang mau return tapi susah prosesnya jadinya ya nggak jadi return barang gletak aja di rumah sekarang beralih ke apk tt,0.0
shoppe memang mantap dechapa pun yg mau dibeli smua adacara pengajuan nya juga tidak ribetpokoknya the bestsy suka menggunakan aplikasi inisemoga tambah sukses dech tuk shopee,1.0
bisa gasii tau tempat kalo narok iklan ujian gue jadi telat ngumpulll,1.0
puas,1.0
jgn sekali pakek espedisi spx dari shope lemot parah nggak x paket aja yang awal nya estimasi hari jadi hari badahal di kota besar bukan di desa mending pakek espedisi yang lain,0.0
puas,1.0
mau cari apapun ada aplikasi mudah digunakan bagi pemula,1.0
baik,1.0
ok bgs sngt membantu dlm perbelanjaan,1.0
aplikasi yang sangat bermanfaat untuk mencari barang yg di butuhkan tanpa harus pergi ke toko langsung juga untuk layanan foodnya sangat membatu ketika malam ingin makan namun tidak ada kendaraan shopeefood solusinyaterimakasih sukses selalu untuk shopee,1.0
apk kagak berguna setiap gw mau instal di chrome selalu muncul ini di harahin ke apk gua kagak mau beli mohon jangan memaksa masuk ke apknya,0.0
terus tingkatkan layannan baiknya,1.0
heran barang sdh di bayar pas pengembalian dana susah skali masa alasan ga jelas,0.0
kenapa kok skrg kalo pengiriman barang besar ada tambah bea ukuran khusus pdhal ekspedisi sudah milih yg kargo plis namanya aja kargo ya pasti barang kirimannya gede masa diatas kg udah ada bea ukuran khusus kalo pake reguler tuh baru make sense ada bea ukuran khusus tapi ini kargo kargo yg dikirimnya ke alamat tuh pake mobil gila bgt kamu ambil untungnya ya,0.0
bagus,1.0
keren,1.0
paling the best,1.0
biayabiaya yang ditanggung penjual naik teruuuusss,0.0
skrang ini lemot bner pengiriman shopee  minggu lebih trus bru dateng sedikit masukan klo cari tendr jasa kirim agak bagusan dikit,0.0
mantap shopee,1.0
senang sekali pakai aplikasi ini aku bisa belanja murah,1.0
jadi afiliator komisi ga seberapa maaukin data pajak aja sulit bg harus npwp yg di padankan  npwp aja napa sih  gausah aneh aneh kebanyakan ini itu,0.0
mudah,1.0
kenapa setiap top up tidak ada namanya ya  pengirimannya lama kadang  hari  hari gak bisa instan ya,1.0
aktivitas tidak wajar,0.0
shopee sangat responsif terhadap keluhan konsumen ok banget,1.0
shopee sangat sangat membantu untuk kami dalam hal belanja dan lainnya terima kasih shopee lancar dan sukses,1.0
spx instant rasa reguler pesanan belum di pickup up udah  hari reguler gratis ongkir dan spx instant berbayar bukannya auto ganti ekspedisi ini malah masih spx instant terus sampai kapan mau di pickup ini barang mau di pakai urgent kapok makai spx instant tau gitu makai reguler saja,0.0
sangat bagus,1.0
ok,1.0
sangat membantu,1.0
terbaik,1.0
saya kecewa kali barang pesanan saja di translateini saja di suruh nunggu ke  kalisaya udah malasngak bakalan barangnya saya ambillebih baik saya pakai jasa pengiriman yg lain,0.0
update terbaru orderan tidak bisa langsung di nilai sebelum masa tenggang habis,1.0
iklan di tik tok suka ngeselin,0.0
baguus,1.0
tolol shoope gk guna paket lama dtng pelayanan cs jg gk guna udh laporan tpi msih ga ada perubahan,0.0
respon nya cpat sy suka,1.0
soal harga terbaikkk,1.0
aplikasi bgs,1.0
ok,1.0
aplikasinya keluar suara video terus padahal browsing doang mengganggu padahal awal nggak liat video,0.0
solusi belanja online,1.0
sudah  minggu saldo gak bisa di tarik verif di gagalin trus sama sistem cs dihubungi gak bisa menyelsaikan cuma bisa nyuruh yg gek jelas kalo sekedar saran upload kita juga tau yang jadi masalah sudah sesuai masih di tolak npwp kenapa format sudah terbaru,0.0
fitur cod hilang,1.0
luarbiasa,1.0
cepat dan nyaman,1.0
mantap,1.0
puas,1.0
sangat baik dan mudah walaupun untuk pemula seperti saya,1.0
shopee smakin terdepan,1.0
jelek banget pengiriman lama banget udah ditanya tanya ga di jawab sama shopee nya jangan ada yang dong download,0.0
shoope luar biasa mudahnya,1.0
pengiriman nya bermasalah lama sekali trus tiba tiba di kembalikan ke penjual gara gara gak di kirim dan lewat estimasi stuck di dc selama  hari sepertinya paket saya hilang,0.0
peraturan komunitas shopee terlalu kejam pengajuan banding tidak berlaku,0.0
q iku,1.0
kw kw barangnya jangan di beli,1.0
shopee curang katanya estimasi datang nya tgl  sampai sekarang tgl  ga nyampe² malah di ubah estimasi nya jadi tgl  sampe  ga dapet barangnya dan kompensasi sangat tidak amanah,0.0
pengiriman lama banget udah mana keburu dipakee salah ruteee hadehhhhh,0.0
coba tolong shope pengiriman nya dipercepat udah platinum udah member vip gak pernah di prioritasin belanja di shope udah puluhan juta tapi pengiriman nya lama banget,1.0
mantap,1.0
apk yg bagus untuk belanja onlain,1.0
baik,1.0
utk team it shopee tlg dicek lg ya sejak naik versi srg ngeleg pd hal sinyal wifi normalsinyal data bagusdisaat buka aplikasi susah banget,1.0
mantap,1.0
aplikasi ini luar biasa,1.0
smoga lancar,1.0
mantap,1.0
di uramakan klo order online,1.0
pengiriman lama nyangkut di bekasi ga kelar,0.0
bagus,1.0
okey,1.0
mempermudah belanja online,1.0
kenapa gk bisa cod,0.0
apk lelet pengirimannya lama bngt saya sebagai seller rugi besar paket sering balik lagi karna keterlambatan pengiriman  biaya layanan ga kira udh mahal tapi nyampe ke pelanggannya lama banget,0.0
respon cepat,1.0
untuk shopeenya udah bagus menurutku tapi untuk pengiriman spx amat sangat mengecewakan jauh dari kata professional order barang udah beberapa kali notif pembeli tidak dapat dihubungitidak ada ditempat padahal wa aja nggak saya dirumah terus nunggu tuh paket harusnya diseleksi lagi kurir yg males nganter seperti ini dulu pengantaran pake selain spx selalu sampai  tepat waktu malah sebelum estimasi udah sampe setelah pake spx ini bisa telat beberapa hari amat sangat mengecewakan,0.0
beli barang di shopee selalu sesuai ekspektasi terima kasih shopee kalian terbaik,1.0
good,1.0
best,1.0
belanja lebih mudah,1.0
benerin tu qris lu app ampas,0.0
kenapa logo  originalnya di hilangkan,1.0
baru saja dicoba belanja di shopee ini masya allah sangat puas dengan hasilnya,1.0
mantap jiwa,1.0
mohon bantuannya pihak terkait sy transfer ke akun shopee milik pribadi kok belum masuk masuknominal hampir juta pdhal di rekening sudah terpotong saldo pengaduan ke cs tdk ada kelanjutan sudah  hari ini,0.0
suka banget belanja online disini serba mudah,1.0
mantap,1.0
bagus,1.0
pusat belanja on line yg lengkap,1.0
oke,1.0
benci sering iklan digame normal,0.0
lihat bintang,1.0
nilai malaikat,1.0
lumayan cepat,1.0
mudah mudahan selama saya belanja di syoopi saya merasa puas trimakasih shoopi,1.0
spinjam tak kunjung bisa dicairkan sudah lunas bertahun,0.0
puas,1.0
sangat memuaskan dan membantu,1.0
mantap gratiss ongkir nya keren dan voucer nya gilaaaaaa banget,1.0
sebenarnya bermanfaat tapi semakin kesini aplikasi semakin sulit diakses lelet tak bisa jalan malahan keluar notifikasi yg telah lewat minggu yg lalu dan sudah direview  ini aplikasi apa sih kok semakin semrawut,0.0
shopee sangat berguna,1.0
good mantap,1.0
barang sesuai pesanan,1.0
makin bagus tapi seller yang abalabal tolong di blacklist dan dihapus saja terima kasih banyak shoope dan kurir pengiriman yang baik hati,1.0
keren hrgany bgus dbanding yg lainlengkap qpa aja ada bsa gk si adminnya jgn bnyk²,1.0
aplikasi bagus buat shopping tapi iklan nya di tiktok ama apk lainnya g ngotak jadi ana kasih bintang  aja,0.0
pelayananbaik,1.0
benci bgt sama iklan shopee karena ga pencet apapun selalu ke aplikasi nya ganggu tau ga,0.0
shopee mesih perluh melakukan peningkatan manajemen krna kadang barang tdk sesuai dgn pesanan,1.0
dengan ada nya aplikasi shopee saya belanja nya lebih mudahmantap lah pokok nya,1.0
belanja lebih mudah dan banyak toko pilihan,1.0
kak ini gimana sih katanya nyampe barangnya tanggal  tapi sampe sekarang gak nyampe nyampe aku pesen dari senin udah seminggu ini gak datangdatang paketnya mau dibatalin gak bisa pas udah proses pengiriman tibatiba pengirimannya di tunda udah berkalikali kayak gini sumpah udah seminggu gak datangdatang ni paket,1.0
bagus,1.0
sering llouding iklan shopie sangat menggangu di hpku,0.0
banyak barang palsu,1.0
bgus,1.0
shopee belanja lebih mudah,1.0
sering keluar keluar,0.0
good price apalagi kalau pas tanggal kembar,1.0
sesuai dengan pesanan,1.0
aplikasi sangat bagus untuk belanja online,1.0
gak bisa di donglowd,0.0
shopee makin merajalela ngambil kendali di hp ya lagi nonton drama ga pernah mencet ads ataupun ada iklan shopee eh tiba² ngebuka shopee,0.0
belanja aman,1.0
maannnttaaappp,1.0
paket datang suka telat dan main rerur aja tanpa konfir masi ke pelanggan,0.0
mantul banget aplikasi ne shopee nyaaa bisaa belanja tinggal tungguin di rmh gak ribet jugaaa,1.0
aplikasi yang bisa saya andalkan untuk berbelanja online utamanya,1.0
bagus,1.0
semua kebutuhan saya beli dishopee,1.0
saya senang dengan adanya shopeememudahkan kita untuk berbelanjaya walaupun terkadang ada juga datang barang yang dipesan tidak sesuai tapi kita juga maklumitu bukan kesalahan dari kurirtugas kurir hanya mengantar barangya untuk kedepannyasemoga kedepannya lebih baik lagi,1.0
spam iklan berkali² dr aplikasi game dan muncul sendiri tanpa di klik itu ganggu banget ngiklan yg wajar aja shopee,0.0
belanja lewat shopee pilihanku,1.0
pelayanan shopee untuk saat ini sangat mengecewakan paket stuk berhari hari tidak ada pergerakan lebih lanjut tolonglah kedepanya lebih diperhatikan keluhan dan complain para costumer,0.0
shope memang sangat menyenangkan sekali dapat belanja dengan mudah tanpa ribet,1.0
seru sekali aku saja sampai beli kucing,1.0
jijik tiap kali buka aplikasi lain malah diarahkan ke shopee mana tiap kali buka langsung ke videonya terus aplikasi rese,0.0
bagus,1.0
kurang,1.0
oke,1.0
lamaaaaaa bgtttt pengiriman shopeee sekarang kecewa buruqqq,0.0
puas,1.0
bisa cicing teu si sia shopee aing teh ker maca wp teu mncet nanaon tiba² langsung sa shopee jir ganggu nygo teu sih sia teh cicing ngajedog waktuna di buak jng cekout nh ke gh di cekout ulh ker maca wp tiba² beralih ka shopee pan ganggunv jingan sajam cuma bulak blik wp jng shopee doang ganggunf ajj ngajedog bisa kan bngke bngt,0.0
ya lumayan lah walaupun kurir nya ke eek,1.0
stop muncul anjir lgi baca novel tiba kebuka apk lo,0.0
loginnya susah x ud verif nomer di wa tetepppp aja suruh verif email lg ribet sulit aneh,0.0
bgus,1.0
mantap bagus cuma paylater ja gak naik² ud  tahun,1.0
kenceng abis shoppee josjis,1.0
aplikasi busukkk,0.0
terlalu banyak endorseiklan sampe nonton youtube pun tidak tenang karna ada iklan shopee dilayar sangat sekali mengganggu,0.0
shope jaga percayan nasabah ya kirim cakep dan cepat saya suka shope,1.0
membabtu,1.0
shopee adalah platform belanja terpercaya dan terbaik tampilan mudah dipakai barang lengkap harga bersaing dan pengiriman aman program loyalitasnya sangat menguntungkan pengguna setia sangat direkomendasikan pertahankan kualitasnya,1.0
adanya aplikasi shopee ini sangat membantu kebutuhan pinansial saya terimakasih shopee semoga selalu jaya,1.0
mudah dan terpercaya,1.0
mantap semuanya lengkap,1.0
iklannya maksa banget untuk baitclick,0.0
kerana lebih mudah kalau mau beli barang gak perlu keluar jauh²,1.0
bagus,1.0
makin marak seller penipuan tolong admin aplikasi oren ini lebih teliti lagi terkait seller,0.0
barang datang sesuai kok sama pesanan,1.0
good,1.0
mantap,1.0
okey wort it,1.0
makin kesini makin busuk ide tim ui nya entah kemana fitur pesanan diterima nya dan juga riwayat transaksi shopeepay malah ga diprioritaskan dihalaman utama bd,0.0
trkadang trganggu dngan bbrpa kurir yg tidak amanah yg suka melebihkan hargaknpa gk kya dulu sih harga trtera di barang nya biar gk ada pmbodohan trhadap pmbeli dan kurir pun tdak bsa brbohong soal harga,1.0
membantu,1.0
oke nice,1.0
banyak iklan dari aplikasi lain anjg nge ganggu,0.0
payah shopee telat sekali aja langsung diblokir berbulan bulan  gak liat histrori sebelumnya gk pernah telat aplikasi sebelah krdtv aja bisa dipake kok sudah ke cs berkali kali pengajuan gk ada hasil yasudahlah,0.0
lo ngasih promo besar jangan penguna baru aja ya biar kita sering belanja,1.0
good,1.0
